gene_name,Guideseq,,Guide with handles
PML,GGUUCACGCGCAGAUGCACG,,TGGAAAGGACGAAACACCGGGGTTCACGCGCAGATGCACGGTTTTAGAGCTAGAAATAG
PML,GCGCUCGCGGAUCAGCUCCU,,TGGAAAGGACGAAACACCGGGCGCTCGCGGATCAGCTCCTGTTTTAGAGCTAGAAATAG
PML,GCGGUACCAGCGCGACUACG,,TGGAAAGGACGAAACACCGGGCGGTACCAGCGCGACTACGGTTTTAGAGCTAGAAATAG
TERF1,CUCACCCUCUGCGCUGUUGC,,TGGAAAGGACGAAACACCGGCTCACCCTCTGCGCTGTTGCGTTTTAGAGCTAGAAATAG
TERF1,GAUGCGGGCUCCGUGGUGCG,,TGGAAAGGACGAAACACCGGGATGCGGGCTCCGTGGTGCGGTTTTAGAGCTAGAAATAG
ATM,AAUCAUUCUGUGACUUCUGA,,TGGAAAGGACGAAACACCGGAATCATTCTGTGACTTCTGAGTTTTAGAGCTAGAAATAG
ATM,UAAUGAAGAUACCAGAUCCU,,TGGAAAGGACGAAACACCGGTAATGAAGATACCAGATCCTGTTTTAGAGCTAGAAATAG
ATM,AUUACAGUGUCCCUUGCAAA,,TGGAAAGGACGAAACACCGGATTACAGTGTCCCTTGCAAAGTTTTAGAGCTAGAAATAG
ETAA1,CAUAGGCAAUGAGUCGGCGA,,TGGAAAGGACGAAACACCGGCATAGGCAATGAGTCGGCGAGTTTTAGAGCTAGAAATAG
ETAA1,AACGCCGCACAAAACAGUGG,,TGGAAAGGACGAAACACCGGAACGCCGCACAAAACAGTGGGTTTTAGAGCTAGAAATAG
ETAA1,AGGCGGCUGAGAUCGGCCCG,,TGGAAAGGACGAAACACCGGAGGCGGCTGAGATCGGCCCGGTTTTAGAGCTAGAAATAG
RAD18,UGAAACAAGUUACUAAAGGU,,TGGAAAGGACGAAACACCGGTGAAACAAGTTACTAAAGGTGTTTTAGAGCTAGAAATAG
RAD18,GAUCGCUCCAGAUCCCUCAG,,TGGAAAGGACGAAACACCGGGATCGCTCCAGATCCCTCAGGTTTTAGAGCTAGAAATAG
RAD18,GCAGGGCUCGCCUCUUUUUG,,TGGAAAGGACGAAACACCGGGCAGGGCTCGCCTCTTTTTGGTTTTAGAGCTAGAAATAG
ATR,GCUCUUCAUAGAGUUUCAAU,,TGGAAAGGACGAAACACCGGGCTCTTCATAGAGTTTCAATGTTTTAGAGCTAGAAATAG
ATR,CUAUAAGCUUCUGCUUCAAA,,TGGAAAGGACGAAACACCGGCTATAAGCTTCTGCTTCAAAGTTTTAGAGCTAGAAATAG
ATR,UUGAAGACGGUGUGCUCAUG,,TGGAAAGGACGAAACACCGGTTGAAGACGGTGTGCTCATGGTTTTAGAGCTAGAAATAG
RAD50,CUUCAGCCCCCUUACAAUUU,,TGGAAAGGACGAAACACCGGCTTCAGCCCCTTACAATTTGTTTTAGAGCTAGAAATAG
RAD50,AGCGACCUGUAAACUGAAGG,,TGGAAAGGACGAAACACCGGAGCGACCTGTAAACTGAAGGGTTTTAGAGCTAGAAATAG
RAD50,GAAUGCUCAUCUUUUCGAUC,,TGGAAAGGACGAAACACCGGGAATGCTCATCTTTTCGATCGTTTTAGAGCTAGAAATAG
ATRX,AUCUAUGACUUUAUGCUCUU,,TGGAAAGGACGAAACACCGGATCTATGACTTTATGCTCTTGTTTTAGAGCTAGAAATAG
ATRX,AAAUUCCGAGUUUCGAGCGA,,TGGAAAGGACGAAACACCGGAAATTCCGAGTTTCGAGCGAGTTTTAGAGCTAGAAATAG
ATRX,UACAAAAUUACGUCAGCUUA,,TGGAAAGGACGAAACACCGGTACAAAATTACGTCAGCTTAGTTTTAGAGCTAGAAATAG
RAD51,UUUCUUCAUUUGCAGCAGUG,,TGGAAAGGACGAAACACCGGTTTCTTCATTTGCAGCAGTGGTTTTAGAGCTAGAAATAG
RAD51,AGAAGCUGGAUUCCAUACUG,,TGGAAAGGACGAAACACCGGAGAAGCTGGATTCCATACTGGTTTTAGAGCTAGAAATAG
RAD51,AGCCAAAGCUGAUAAAAUUC,,TGGAAAGGACGAAACACCGGAGCCAAAGCTGATAAAATTCGTTTTAGAGCTAGAAATAG
TOPBP1,CACUAUCAAUUGUGUUGAUC,,TGGAAAGGACGAAACACCGGCACTATCAATTGTGTTGATCGTTTTAGAGCTAGAAATAG
TOPBP1,UCUAGGUUCUGUCUUGUAUA,,TGGAAAGGACGAAACACCGGTCTAGGTTCTGTCTTGTATAGTTTTAGAGCTAGAAATAG
TOPBP1,ACAGUGUACAUUCCAUCUCU,,TGGAAAGGACGAAACACCGGACAGTGTACATTCCATCTCTGTTTTAGAGCTAGAAATAG
RAD52,CGGACCAGGACUGCAGCUCC,,TGGAAAGGACGAAACACCGGCGGACCAGGACTGCAGCTCCGTTTTAGAGCTAGAAATAG
RAD52,GGGUGUCCCAGGGCCAUGUU,,TGGAAAGGACGAAACACCGGGGGTGTCCCAGGGCCATGTTGTTTTAGAGCTAGAAATAG
RAD52,ACAAGAUCUUGAACCGUCUG,,TGGAAAGGACGAAACACCGGACAAGATCTTGAACCGTCTGGTTTTAGAGCTAGAAATAG
TP53BP1,UGUGAAGAAUCUUGCUCUAC,,TGGAAAGGACGAAACACCGGTGTGAAGAATCTTGCTCTACGTTTTAGAGCTAGAAATAG
TP53BP1,UGAGAAUAGAUUAGACACCA,,TGGAAAGGACGAAACACCGGTGAGAATAGATTAGACACCAGTTTTAGAGCTAGAAATAG
TP53BP1,CUCAGAUUCCCAGUCAUGGG,,TGGAAAGGACGAAACACCGGCTCAGATTCCCAGTCATGGGGTTTTAGAGCTAGAAATAG
RPA1,AGUCUUUCGACUUGUUCUCG,,TGGAAAGGACGAAACACCGGAGTCTTTCGACTTGTTCTCGGTTTTAGAGCTAGAAATAG
RPA1,ACUGCUUGUUAGCAAUCUUC,,TGGAAAGGACGAAACACCGGACTGCTTGTTAGCAATCTTCGTTTTAGAGCTAGAAATAG
RPA1,GGACGACCAUCAUUUACCUA,,TGGAAAGGACGAAACACCGGGGACGACCATCATTTACCTAGTTTTAGAGCTAGAAATAG
RPA2,CUUUUCGGCUUGAGAAGGUG,,TGGAAAGGACGAAACACCGGCTTTTCGGCTTGAGAAGGTGGTTTTAGAGCTAGAAATAG
RPA2,ACAGGUGGAUUCGAAAGCUA,,TGGAAAGGACGAAACACCGGACAGGTGGATTCGAAAGCTAGTTTTAGAGCTAGAAATAG
RPA2,GUUUCUGUCAUAGAUGACUC,,TGGAAAGGACGAAACACCGGGTTTCTGTCATAGATGACTCGTTTTAGAGCTAGAAATAG
RAD51AP1,AGAUUUGGAUAAGAUUACUG,,TGGAAAGGACGAAACACCGGAGATTTGGATAAGATTACTGGTTTTAGAGCTAGAAATAG
RAD51AP1,CUAAAGCUGCAGCACAGCAG,,TGGAAAGGACGAAACACCGGCTAAAGCTGCAGCACAGCAGGTTTTAGAGCTAGAAATAG
RAD51AP1,ACUGAACCAGACUUUGCACC,,TGGAAAGGACGAAACACCGGACTGAACCAGACTTTGCACCGTTTTAGAGCTAGAAATAG
POT1,GUAAGGCUUCUACCAUUUUG,,TGGAAAGGACGAAACACCGGGTAAGGCTTCTACCATTTTGGTTTTAGAGCTAGAAATAG
POT1,UGAAGUGCGAGGUAUGAUAG,,TGGAAAGGACGAAACACCGGTGAAGTGCGAGGTATGATAGGTTTTAGAGCTAGAAATAG
POT1,GUAUAUAAAAAGGAGACUCA,,TGGAAAGGACGAAACACCGGGTATATAAAAAGGAGACTCAGTTTTAGAGCTAGAAATAG
Non-Targeting,AGTATTAGGTACCTGCCCTA,,TGGAAAGGACGAAACACCGGAGTATTAGGTACCTGCCCTAGTTTTAGAGCTAGAAATAG
Non-Targeting,AGTATTGTGGTGTCGTCAAC,,TGGAAAGGACGAAACACCGGAGTATTGTGGTGTGTCGTCAACGTTTTAGAGCTAGAAATAG
Non-Targeting,AGTCATAACTGAGTGAATCG,,TGGAAAGGACGAAACACCGGAGTCATAACTGAGTGAATCGGTTTTAGAGCTAGAAATAG
Non-Targeting,AGTCTTAAAGACCCTAAGCT,,TGGAAAGGACGAAACACCGGAGTCTTAAAGACCCTAAGCTGTTTTAGAGCTAGAAATAG
Non-Targeting,AGTCTTGGCCAATGTCACGG,,TGGAAAGGACGAAACACCGGAGTCTTGGCCAATGTCACGGGTTTTAGAGCTAGAAATAG